{"nm":"Main Scene","ddd":0,"h":500,"w":500,"meta":{"g":"@lottiefiles/creator 1.24.1"},"layers":[{"ty":0,"nm":"Loading animation","sr":1,"st":0,"op":40,"ip":0,"hd":false,"ddd":0,"bm":0,"hasMask":false,"ao":0,"ks":{"a":{"a":0,"k":[135,76]},"s":{"a":0,"k":[100,100]},"sk":{"a":0,"k":0},"p":{"a":0,"k":[245,246]},"r":{"a":0,"k":0},"sa":{"a":0,"k":0},"o":{"a":0,"k":100}},"w":280,"h":160,"refId":"precomp_newScene_1c3a9e12-006f-49ee-90d1-dfb791ea4728","ind":1}],"v":"5.7.0","fr":24,"op":32,"ip":0,"assets":[{"nm":"newScene","id":"precomp_newScene_1c3a9e12-006f-49ee-90d1-dfb791ea4728","fr":24,"layers":[{"ty":4,"nm":"å½¢ç¶å¾å± 5","sr":1,"st":0,"op":40,"ip":0,"hd":false,"ddd":0,"bm":0,"hasMask":false,"ao":0,"ks":{"a":{"a":0,"k":[-76.375,-2.875,0]},"s":{"a":1,"k":[{"o":{"x":0.333,"y":0},"i":{"x":0.833,"y":0.833},"s":[100,100,100],"t":8},{"o":{"x":0.333,"y":0},"i":{"x":0.833,"y":0.833},"s":[200,200,100],"t":24},{"s":[100,100,100],"t":40}]},"sk":{"a":0,"k":0},"p":{"a":0,"k":[187.875,77.125,0]},"r":{"a":0,"k":0},"sa":{"a":0,"k":0},"o":{"a":1,"k":[{"o":{"x":0.333,"y":0},"i":{"x":0.833,"y":0.833},"s":[100],"t":8},{"o":{"x":0.333,"y":0},"i":{"x":0.833,"y":0.833},"s":[30],"t":24},{"s":[100],"t":40}]}},"shapes":[{"ty":"gr","bm":0,"hd":false,"mn":"ADBE Vector Group","nm":"æ¤­å 1","np":3,"it":[{"ty":"el","bm":0,"hd":false,"mn":"ADBE Vector Shape - Ellipse","nm":"æ¤­åè·¯å¾ 1","d":1,"p":{"a":0,"k":[0,0]},"s":{"a":0,"k":[18,18]}},{"ty":"st","bm":0,"hd":false,"mn":"ADBE Vector Graphic - Stroke","nm":"æè¾¹ 1","lc":1,"lj":1,"ml":4,"o":{"a":0,"k":100},"w":{"a":0,"k":0},"c":{"a":0,"k":[1,1,1]}},{"ty":"fl","bm":0,"hd":false,"mn":"ADBE Vector Graphic - Fill","nm":"å¡«å 1","c":{"a":0,"k":[0.8706,0.4196,0.5608]},"r":2,"o":{"a":0,"k":100}},{"ty":"tr","a":{"a":0,"k":[0,0],"ix":1},"s":{"a":0,"k":[100,100],"ix":3},"sk":{"a":0,"k":0,"ix":4},"p":{"a":0,"k":[-76.482,-3.482],"ix":2},"r":{"a":0,"k":0,"ix":6},"sa":{"a":0,"k":0,"ix":5},"o":{"a":0,"k":100,"ix":7}}]}],"ind":1},{"ty":4,"nm":"å½¢ç¶å¾å± 4","sr":1,"st":0,"op":40,"ip":0,"hd":false,"ddd":0,"bm":0,"hasMask":false,"ao":0,"ks":{"a":{"a":0,"k":[-76.375,-2.875,0]},"s":{"a":1,"k":[{"o":{"x":0.333,"y":0},"i":{"x":0.833,"y":0.833},"s":[100,100,100],"t":6},{"o":{"x":0.333,"y":0},"i":{"x":0.833,"y":0.833},"s":[200,200,100],"t":22},{"s":[100,100,100],"t":36}]},"sk":{"a":0,"k":0},"p":{"a":0,"k":[162.125,76.625,0]},"r":{"a":0,"k":0},"sa":{"a":0,"k":0},"o":{"a":1,"k":[{"o":{"x":0.333,"y":0},"i":{"x":0.833,"y":0.833},"s":[100],"t":6},{"o":{"x":0.333,"y":0},"i":{"x":0.833,"y":0.833},"s":[30],"t":22},{"s":[100],"t":36}]}},"shapes":[{"ty":"gr","bm":0,"hd":false,"mn":"ADBE Vector Group","nm":"æ¤­å 1","np":3,"it":[{"ty":"el","bm":0,"hd":false,"mn":"ADBE Vector Shape - Ellipse","nm":"æ¤­åè·¯å¾ 1","d":1,"p":{"a":0,"k":[0,0]},"s":{"a":0,"k":[18,18]}},{"ty":"st","bm":0,"hd":false,"mn":"ADBE Vector Graphic - Stroke","nm":"æè¾¹ 1","lc":1,"lj":1,"ml":4,"o":{"a":0,"k":100},"w":{"a":0,"k":0},"c":{"a":0,"k":[1,1,1]}},{"ty":"fl","bm":0,"hd":false,"mn":"ADBE Vector Graphic - Fill","nm":"å¡«å 1","c":{"a":0,"k":[0.8118,0.549,0.8196]},"r":2,"o":{"a":0,"k":100}},{"ty":"tr","a":{"a":0,"k":[0,0],"ix":1},"s":{"a":0,"k":[100,100],"ix":3},"sk":{"a":0,"k":0,"ix":4},"p":{"a":0,"k":[-76.482,-3.482],"ix":2},"r":{"a":0,"k":0,"ix":6},"sa":{"a":0,"k":0,"ix":5},"o":{"a":0,"k":100,"ix":7}}]}],"ind":2},{"ty":4,"nm":"å½¢ç¶å¾å± 3","sr":1,"st":0,"op":40,"ip":0,"hd":false,"ddd":0,"bm":0,"hasMask":false,"ao":0,"ks":{"a":{"a":0,"k":[-76.375,-2.875,0]},"s":{"a":1,"k":[{"o":{"x":0.333,"y":0},"i":{"x":0.833,"y":0.833},"s":[100,100,100],"t":4},{"o":{"x":0.333,"y":0},"i":{"x":0.833,"y":0.833},"s":[200,200,100],"t":20},{"s":[100,100,100],"t":32}]},"sk":{"a":0,"k":0},"p":{"a":0,"k":[135.625,76.625,0]},"r":{"a":0,"k":0},"sa":{"a":0,"k":0},"o":{"a":1,"k":[{"o":{"x":0.333,"y":0},"i":{"x":0.833,"y":0.833},"s":[100],"t":4},{"o":{"x":0.333,"y":0},"i":{"x":0.833,"y":0.833},"s":[30],"t":20},{"s":[100],"t":32}]}},"shapes":[{"ty":"gr","bm":0,"hd":false,"mn":"ADBE Vector Group","nm":"æ¤­å 1","np":3,"it":[{"ty":"el","bm":0,"hd":false,"mn":"ADBE Vector Shape - Ellipse","nm":"æ¤­åè·¯å¾ 1","d":1,"p":{"a":0,"k":[0,0]},"s":{"a":0,"k":[18,18]}},{"ty":"st","bm":0,"hd":false,"mn":"ADBE Vector Graphic - Stroke","nm":"æè¾¹ 1","lc":1,"lj":1,"ml":4,"o":{"a":0,"k":100},"w":{"a":0,"k":0},"c":{"a":0,"k":[1,1,1]}},{"ty":"fl","bm":0,"hd":false,"mn":"ADBE Vector Graphic - Fill","nm":"å¡«å 1","c":{"a":0,"k":[0.4706,0.3098,0.6196]},"r":2,"o":{"a":0,"k":100}},{"ty":"tr","a":{"a":0,"k":[0,0],"ix":1},"s":{"a":0,"k":[100,100],"ix":3},"sk":{"a":0,"k":0,"ix":4},"p":{"a":0,"k":[-76.482,-3.482],"ix":2},"r":{"a":0,"k":0,"ix":6},"sa":{"a":0,"k":0,"ix":5},"o":{"a":0,"k":100,"ix":7}}]}],"ind":3},{"ty":4,"nm":"å½¢ç¶å¾å± 2","sr":1,"st":0,"op":40,"ip":0,"hd":false,"ddd":0,"bm":0,"hasMask":false,"ao":0,"ks":{"a":{"a":0,"k":[-76.625,-3.125,0]},"s":{"a":1,"k":[{"o":{"x":0.333,"y":0},"i":{"x":0.833,"y":0.833},"s":[100,100,100],"t":2},{"o":{"x":0.333,"y":0},"i":{"x":0.833,"y":0.833},"s":[200,200,100],"t":16},{"s":[100,100,100],"t":28}]},"sk":{"a":0,"k":0},"p":{"a":0,"k":[109.375,76.625,0]},"r":{"a":0,"k":0},"sa":{"a":0,"k":0},"o":{"a":1,"k":[{"o":{"x":0.333,"y":0},"i":{"x":0.833,"y":0.833},"s":[100],"t":2},{"o":{"x":0.333,"y":0},"i":{"x":0.833,"y":0.833},"s":[30],"t":16},{"s":[100],"t":28}]}},"shapes":[{"ty":"gr","bm":0,"hd":false,"mn":"ADBE Vector Group","nm":"æ¤­å 1","np":3,"it":[{"ty":"el","bm":0,"hd":false,"mn":"ADBE Vector Shape - Ellipse","nm":"æ¤­åè·¯å¾ 1","d":1,"p":{"a":0,"k":[0,0]},"s":{"a":0,"k":[18,18]}},{"ty":"st","bm":0,"hd":false,"mn":"ADBE Vector Graphic - Stroke","nm":"æè¾¹ 1","lc":1,"lj":1,"ml":4,"o":{"a":0,"k":100},"w":{"a":0,"k":0},"c":{"a":0,"k":[1,1,1]}},{"ty":"fl","bm":0,"hd":false,"mn":"ADBE Vector Graphic - Fill","nm":"å¡«å 1","c":{"a":0,"k":[0.5412,0.8118,0.8902]},"r":2,"o":{"a":0,"k":100}},{"ty":"tr","a":{"a":0,"k":[0,0],"ix":1},"s":{"a":0,"k":[100,100],"ix":3},"sk":{"a":0,"k":0,"ix":4},"p":{"a":0,"k":[-76.482,-3.482],"ix":2},"r":{"a":0,"k":0,"ix":6},"sa":{"a":0,"k":0,"ix":5},"o":{"a":0,"k":100,"ix":7}}]}],"ind":4},{"ty":4,"nm":"å½¢ç¶å¾å± 1","sr":1,"st":0,"op":40,"ip":0,"hd":false,"ddd":0,"bm":0,"hasMask":false,"ao":0,"ks":{"a":{"a":0,"k":[-76.625,-3.375,0]},"s":{"a":1,"k":[{"o":{"x":0.333,"y":0},"i":{"x":0.833,"y":0.833},"s":[100,100,100],"t":0},{"o":{"x":0.333,"y":0},"i":{"x":0.833,"y":0.833},"s":[200,200,100],"t":12},{"s":[100,100,100],"t":24}]},"sk":{"a":0,"k":0},"p":{"a":0,"k":[82.625,76.625,0]},"r":{"a":0,"k":0},"sa":{"a":0,"k":0},"o":{"a":1,"k":[{"o":{"x":0.333,"y":0},"i":{"x":0.833,"y":0.833},"s":[100],"t":0},{"o":{"x":0.333,"y":0},"i":{"x":0.833,"y":0.833},"s":[30],"t":12},{"s":[100],"t":24}]}},"shapes":[{"ty":"gr","bm":0,"hd":false,"mn":"ADBE Vector Group","nm":"æ¤­å 1","np":3,"it":[{"ty":"el","bm":0,"hd":false,"mn":"ADBE Vector Shape - Ellipse","nm":"æ¤­åè·¯å¾ 1","d":1,"p":{"a":0,"k":[0,0]},"s":{"a":0,"k":[18,18]}},{"ty":"st","bm":0,"hd":false,"mn":"ADBE Vector Graphic - Stroke","nm":"æè¾¹ 1","lc":1,"lj":1,"ml":4,"o":{"a":0,"k":100},"w":{"a":0,"k":0},"c":{"a":0,"k":[1,1,1]}},{"ty":"fl","bm":0,"hd":false,"mn":"ADBE Vector Graphic - Fill","nm":"å¡«å 1","c":{"a":0,"k":[0.3412,0.451,0.7804]},"r":2,"o":{"a":0,"k":100}},{"ty":"tr","a":{"a":0,"k":[0,0],"ix":1},"s":{"a":0,"k":[100,100],"ix":3},"sk":{"a":0,"k":0,"ix":4},"p":{"a":0,"k":[-76.482,-3.482],"ix":2},"r":{"a":0,"k":0,"ix":6},"sa":{"a":0,"k":0,"ix":5},"o":{"a":0,"k":100,"ix":7}}]}],"ind":5}]}]}